# Clustering Coefficient,Propability
0.000000,0.810111
0.018182,0.002466
0.027778,0.002466
0.030303,0.001233
0.035714,0.001233
0.044444,0.001233
0.047619,0.007398
0.054545,0.001233
0.066667,0.012330
0.071429,0.003699
0.095238,0.006165
0.100000,0.025894
0.107143,0.001233
0.133333,0.003699
0.166667,0.020962
0.200000,0.003699
0.300000,0.001233
0.333333,0.044390
0.666667,0.004932
1.000000,0.044390
